Vol,0.044531,Dir,-27.5
Vol,0.060056,Dir,-27.5
Vol,0.060056,Dir,-27.5
Vol,0.015874,Dir,-27.5
Vol,0.015874,Dir,-27.5
Vol,0.015874,Dir,-27.5
Vol,0.015874,Dir,-27.5
Vol,0.040336,Dir,-27.5
Vol,0.040336,Dir,-27.5
Vol,0.040336,Dir,-27.5
Vol,0.040336,Dir,-27.5
Vol,0.042485,Dir,-27.5
Vol,0.036277,Dir,-27.5
Vol,0.036277,Dir,-27.5
Vol,0.047654,Dir,-27.5
Vol,0.047654,Dir,-27.5
Vol,0.031598,Dir,-27.5
Vol,0.031598,Dir,-27.5
Vol,0.004457,Dir,-27.5
Vol,0.004457,Dir,-27.5
Vol,0.004457,Dir,-27.5
Vol,0.06258,Dir,-27.5
Vol,0.06258,Dir,-27.5
Vol,0.010269,Dir,-27.5
Vol,0.010269,Dir,-27.5
Vol,0.010269,Dir,-27.5
Vol,0.008297,Dir,-27.5
Vol,0.029533,Dir,-27.5
Vol,0.045378,Dir,-27.5
Vol,0.045378,Dir,-27.5
Vol,0.045378,Dir,-27.5
Vol,0.029355,Dir,-27.5
Vol,0.069473,Dir,-27.5
Vol,0.03809,Dir,-27.5
Vol,0.03809,Dir,-27.5
Vol,0.03809,Dir,-27.5
Vol,0.059725,Dir,-27.5
Vol,0.059725,Dir,-27.5
Vol,0.042609,Dir,-27.5
Vol,0.080982,Dir,-27.5
Vol,0.080982,Dir,-27.5
Vol,0.060694,Dir,-27.5
Vol,0.060694,Dir,-27.5
Vol,0.024142,Dir,-27.5
Vol,0.024142,Dir,-27.5
Vol,0.024142,Dir,-27.5
Vol,0.049918,Dir,-27.5
Vol,0.049918,Dir,-27.5
Vol,0.031138,Dir,-27.5
Vol,0.031138,Dir,-27.5
Vol,0.031138,Dir,-27.5
Vol,0.047208,Dir,-27.5
Vol,0.047208,Dir,-27.5
Vol,0.061698,Dir,-27.5
Vol,0.061698,Dir,-27.5
Vol,0.061698,Dir,-27.5
Vol,0.099541,Dir,-27.5
Vol,0.099541,Dir,-27.5
Vol,0.058893,Dir,-27.5
Vol,0.058893,Dir,-27.5
Vol,0.058893,Dir,-27.5
Vol,0.099358,Dir,-27.5
Vol,0.024335,Dir,-27.5
Vol,0.024335,Dir,-27.5
Vol,0.073181,Dir,-27.5
Vol,0.073181,Dir,-27.5
Vol,0.068342,Dir,-27.5
Vol,0.068342,Dir,-27.5
Vol,0.058164,Dir,-27.5
Vol,0.092728,Dir,-27.5
Vol,0.092728,Dir,-27.5
Vol,0.04467,Dir,-27.5
Vol,0.04467,Dir,-27.5
Vol,0.04467,Dir,-27.5
Vol,0.076484,Dir,-27.5
Vol,0.076484,Dir,-27.5
Vol,0.035197,Dir,-27.5
Vol,0.035197,Dir,-27.5
Vol,0.043466,Dir,-27.5
Vol,0.043466,Dir,-27.5
Vol,0.043466,Dir,-27.5
Vol,0.053234,Dir,-27.5
Vol,0.053234,Dir,-27.5
Vol,0.033702,Dir,-27.5
Vol,0.033702,Dir,-27.5
Vol,0.033702,Dir,-27.5
Vol,0.052397,Dir,-27.5
Vol,0.052397,Dir,-27.5
Vol,0.038941,Dir,-27.5
Vol,0.038941,Dir,-27.5
Vol,0.038941,Dir,-27.5
Vol,0.052241,Dir,-27.5
Vol,0.074206,Dir,-27.5
Vol,0.036343,Dir,-27.5
Vol,0.036343,Dir,-27.5
Vol,0.036343,Dir,-27.5
Vol,0.034711,Dir,-27.5
Vol,0.034711,Dir,-27.5
Vol,0.017849,Dir,-27.5
Vol,0.077931,Dir,-27.5
Vol,0.077931,Dir,-27.5
Vol,0.074677,Dir,-27.5
Vol,0.043967,Dir,-27.5
Vol,0.043967,Dir,-27.5
Vol,0.029045,Dir,-27.5
Vol,0.029045,Dir,-27.5
Vol,0.075444,Dir,-27.5
Vol,0.075444,Dir,-27.5
Vol,0.081348,Dir,-27.5
Vol,0.081348,Dir,-27.5
Vol,0.081348,Dir,-27.5
Vol,0.056292,Dir,-27.5
Vol,0.056292,Dir,-27.5
Vol,0.050303,Dir,-27.5
Vol,0.050303,Dir,-27.5
Vol,0.050303,Dir,-27.5
Vol,0.039416,Dir,-27.5
Vol,0.039416,Dir,-27.5
Vol,0.018476,Dir,-27.5
Vol,0.018476,Dir,-27.5
Vol,0.018476,Dir,-27.5
Vol,0.050411,Dir,-27.5
Vol,0.048879,Dir,-27.5
Vol,0.031558,Dir,-27.5
Vol,0.031558,Dir,-27.5
Vol,0.031558,Dir,-27.5
Vol,0.047806,Dir,-27.5
Vol,0.047806,Dir,-27.5
Vol,0.04781,Dir,-27.5
Vol,0.036394,Dir,-27.5
Vol,0.036394,Dir,-27.5
Vol,0.069958,Dir,-27.5
Vol,0.069958,Dir,-27.5
Vol,0.035728,Dir,-27.5
Vol,0.035728,Dir,-27.5
Vol,0.035728,Dir,-27.5
Vol,0.04173,Dir,-27.5
Vol,0.061549,Dir,-27.5
Vol,0.055842,Dir,-27.5
Vol,0.055842,Dir,-27.5
Vol,0.055842,Dir,-27.5
Vol,0.020773,Dir,-27.5
Vol,0.020773,Dir,-27.5
Vol,0.067996,Dir,-27.5
Vol,0.053686,Dir,-27.5
Vol,0.053686,Dir,-27.5
Vol,0.06097,Dir,-27.5
Vol,0.06097,Dir,-27.5
Vol,0.016773,Dir,-27.5
Vol,0.016773,Dir,-27.5
Vol,0.016773,Dir,-27.5
Vol,0.00891,Dir,-27.5
Vol,0.023378,Dir,-27.5
Vol,0.100905,Dir,-27.5
Vol,0.100905,Dir,-27.5
Vol,0.100905,Dir,-27.5
Vol,0.002461,Dir,-27.5
Vol,0.002461,Dir,-27.5
Vol,0.016115,Dir,-27.5
Vol,0.000006,Dir,-27.5
Vol,0.000006,Dir,-27.5
Vol,0.043732,Dir,-27.5
Vol,0.043732,Dir,-27.5
Vol,0.043691,Dir,-27.5
Vol,0.043691,Dir,-27.5
Vol,0.043691,Dir,-27.5
Vol,0.018914,Dir,-27.5
Vol,0.018914,Dir,-27.5
Vol,0.082982,Dir,-27.5
Vol,0.082982,Dir,-27.5
Vol,0.082982,Dir,-27.5
Vol,0.029692,Dir,-27.5
Vol,0.029692,Dir,-27.5
Vol,0.044136,Dir,-27.5
Vol,0.044136,Dir,-27.5
Vol,0.044136,Dir,-27.5
Vol,0.034766,Dir,-27.5
Vol,0.034766,Dir,-27.5
Vol,0.022859,Dir,-27.5
Vol,0.076107,Dir,-27.5
Vol,0.076107,Dir,-27.5
Vol,0.016168,Dir,-27.5
Vol,0.011345,Dir,-27.5
Vol,0.059452,Dir,-27.5
Vol,0.059452,Dir,-27.5
Vol,0.059452,Dir,-27.5
Vol,0.01424,Dir,-27.5
Vol,0.01424,Dir,-27.5
Vol,0.0,Dir,-27.5
Vol,0.03145,Dir,-27.5
Vol,0.03145,Dir,-27.5
Vol,0.077405,Dir,-27.5
Vol,0.077405,Dir,-27.5
Vol,0.040802,Dir,-27.5
Vol,0.040802,Dir,-27.5
Vol,0.040802,Dir,-27.5
Vol,0.049223,Dir,-27.5
Vol,0.049223,Dir,-27.5
Vol,0.042382,Dir,-27.5
Vol,0.042382,Dir,-27.5
Vol,0.042382,Dir,-27.5
Vol,0.053549,Dir,-27.5
Vol,0.053549,Dir,-27.5
Vol,0.038576,Dir,-27.5
Vol,0.038576,Dir,-27.5
Vol,0.038576,Dir,-27.5
Vol,0.055607,Dir,-27.5
Vol,0.034478,Dir,-27.5
Vol,0.067274,Dir,-27.5
Vol,0.067274,Dir,-27.5
Vol,0.067274,Dir,-27.5
Vol,0.036292,Dir,-27.5
Vol,0.023118,Dir,-27.5
Vol,0.041137,Dir,-27.5
Vol,0.041137,Dir,-27.5
Vol,0.041137,Dir,-27.5
Vol,0.057442,Dir,-27.5
Vol,0.057442,Dir,-27.5
Vol,0.088826,Dir,-27.5
Vol,0.03157,Dir,-27.5
Vol,0.03157,Dir,-27.5
Vol,0.077122,Dir,-27.5
Vol,0.077122,Dir,-27.5
Vol,0.070237,Dir,-27.5
Vol,0.070237,Dir,-27.5
Vol,0.070237,Dir,-27.5
Vol,0.098911,Dir,-27.5
Vol,0.098911,Dir,-27.5
Vol,0.042432,Dir,-27.5
Vol,0.042432,Dir,-27.5
Vol,0.042432,Dir,-27.5
Vol,0.020852,Dir,-27.5
Vol,0.020852,Dir,-27.5
Vol,0.067404,Dir,-27.5
Vol,0.067404,Dir,-27.5
Vol,0.067404,Dir,-27.5
Vol,0.07667,Dir,-27.5
Vol,0.07667,Dir,-27.5
Vol,0.051934,Dir,-27.5
Vol,0.051934,Dir,-27.5
Vol,0.051934,Dir,-27.5
Vol,0.041206,Dir,-27.5
Vol,0.033556,Dir,-27.5
Vol,0.200954,Dir,-27.5
Vol,0.200954,Dir,-27.5
Vol,0.200954,Dir,-27.5
Vol,0.260521,Dir,-27.5
Vol,0.260521,Dir,-27.5
Vol,0.229718,Dir,-27.5
Vol,0.167063,Dir,-27.5
Vol,0.167063,Dir,-27.5
Vol,0.139706,Dir,-27.5
Vol,0.139706,Dir,-27.5
Vol,0.07997,Dir,-27.5
Vol,0.07997,Dir,-27.5
Vol,0.07997,Dir,-27.5
Vol,0.082266,Dir,-27.5
Vol,0.082266,Dir,-27.5
Vol,0.033565,Dir,-27.5
Vol,0.033565,Dir,-27.5
Vol,0.033565,Dir,-27.5
Vol,0.047393,Dir,-27.5
Vol,0.047393,Dir,-27.5
Vol,0.03346,Dir,-27.5
Vol,0.03346,Dir,-27.5
Vol,0.03346,Dir,-27.5
Vol,0.063208,Dir,-27.5
Vol,0.063208,Dir,-27.5
Vol,0.043748,Dir,-27.5
Vol,0.043748,Dir,-27.5
Vol,0.043748,Dir,-27.5
Vol,0.068033,Dir,-27.5
Vol,0.052365,Dir,-27.5
Vol,0.046915,Dir,-27.5
Vol,0.046915,Dir,-27.5
Vol,0.046915,Dir,-27.5
Vol,0.046915,Dir,-27.5
Vol,0.060521,Dir,-27.5
Vol,0.060521,Dir,-27.5
Vol,0.053593,Dir,-27.5
Vol,0.053593,Dir,-27.5
Vol,0.081363,Dir,-27.5
Vol,0.056983,Dir,-27.5
Vol,0.052238,Dir,-27.5
Vol,0.052238,Dir,-27.5
Vol,0.052238,Dir,-27.5
Vol,0.018464,Dir,-27.5
Vol,0.018464,Dir,-27.5
Vol,0.077462,Dir,-27.5
Vol,0.077462,Dir,-27.5
Vol,0.077462,Dir,-27.5
Vol,0.0,Dir,-27.5
Vol,0.0,Dir,-27.5
Vol,0.037615,Dir,-27.5
Vol,0.037615,Dir,-27.5
Vol,0.037615,Dir,-27.5
Vol,0.059387,Dir,-27.5
Vol,0.079879,Dir,-27.5
Vol,0.017135,Dir,-27.5
Vol,0.017135,Dir,-27.5
Vol,0.017135,Dir,-27.5
Vol,0.060798,Dir,-27.5
Vol,0.013544,Dir,-27.5
Vol,0.012435,Dir,-27.5
Vol,0.012435,Dir,-27.5
Vol,0.012435,Dir,-27.5
Vol,0.046181,Dir,-27.5
Vol,0.046181,Dir,-27.5
Vol,0.004848,Dir,-27.5
Vol,0.065124,Dir,-27.5
Vol,0.065124,Dir,-27.5
Vol,0.061286,Dir,-27.5
Vol,0.061286,Dir,-27.5
Vol,0.061286,Dir,-27.5
Vol,0.089622,Dir,-27.5
Vol,0.089622,Dir,-27.5
Vol,0.02748,Dir,-27.5
Vol,0.02748,Dir,-27.5
Vol,0.029342,Dir,-27.5
Vol,0.029342,Dir,-27.5
Vol,0.029342,Dir,-27.5
Vol,0.055963,Dir,-27.5
Vol,0.055963,Dir,-27.5
Vol,0.06114,Dir,-27.5
Vol,0.06114,Dir,-27.5
Vol,0.06114,Dir,-27.5
Vol,0.011541,Dir,-27.5
Vol,0.011541,Dir,-27.5
Vol,0.058146,Dir,-27.5
Vol,0.056624,Dir,-27.5
Vol,0.056624,Dir,-27.5
Vol,0.052172,Dir,-27.5
Vol,0.057117,Dir,-27.5
Vol,0.024059,Dir,-27.5
Vol,0.024059,Dir,-27.5
Vol,0.024059,Dir,-27.5
Vol,0.051247,Dir,-27.5
Vol,0.051247,Dir,-27.5
Vol,0.055668,Dir,-27.5
Vol,0.017858,Dir,-27.5
Vol,0.017858,Dir,-27.5
Vol,0.061649,Dir,-27.5
Vol,0.061649,Dir,-27.5
Vol,0.034386,Dir,-27.5
Vol,0.034386,Dir,-27.5
Vol,0.034386,Dir,-27.5
Vol,0.070774,Dir,-27.5
Vol,0.001146,Dir,-27.5
Vol,0.005934,Dir,-27.5
Vol,0.005934,Dir,-27.5
Vol,0.005934,Dir,-27.5
Vol,0.068689,Dir,-27.5
Vol,0.079162,Dir,-27.5
Vol,0.022111,Dir,-27.5
Vol,0.022111,Dir,-27.5
Vol,0.022111,Dir,-27.5
Vol,0.049217,Dir,-27.5
Vol,0.049217,Dir,-27.5
Vol,0.053639,Dir,-27.5
Vol,0.053639,Dir,-27.5
Vol,0.053639,Dir,-27.5
Vol,0.073272,Dir,-27.5
Vol,0.085851,Dir,-27.5
Vol,0.085851,Dir,-27.5
Vol,0.042383,Dir,-27.5
Vol,0.042383,Dir,-27.5
Vol,0.051164,Dir,-27.5
Vol,0.051164,Dir,-27.5
Vol,0.051164,Dir,-27.5
Vol,0.078905,Dir,-27.5
Vol,0.078905,Dir,-27.5
Vol,0.053528,Dir,-27.5
Vol,0.049438,Dir,-27.5
Vol,0.030925,Dir,-27.5
Vol,0.030925,Dir,-27.5
Vol,0.030925,Dir,-27.5
Vol,0.077134,Dir,-27.5
Vol,0.077134,Dir,-27.5
Vol,0.037871,Dir,-27.5
Vol,0.037871,Dir,-27.5
Vol,0.037871,Dir,-27.5
Vol,0.053378,Dir,-27.5
Vol,0.053378,Dir,-27.5
Vol,0.037095,Dir,-27.5
Vol,0.037095,Dir,-27.5
Vol,0.037095,Dir,-27.5
Vol,0.067907,Dir,-27.5
Vol,0.067907,Dir,-27.5
Vol,0.06807,Dir,-27.5
Vol,0.06807,Dir,-27.5
Vol,0.06807,Dir,-27.5
Vol,0.023539,Dir,-27.5
Vol,0.078548,Dir,-27.5
Vol,0.047262,Dir,-27.5
Vol,0.047262,Dir,-27.5
Vol,0.047262,Dir,-27.5
Vol,0.034863,Dir,-27.5
Vol,0.034863,Dir,-27.5
Vol,0.034863,Dir,-27.5
Vol,0.063765,Dir,-27.5
Vol,0.063765,Dir,-27.5
Vol,0.062607,Dir,-27.5
Vol,0.019267,Dir,-27.5
Vol,0.043711,Dir,-27.5
Vol,0.043711,Dir,-27.5
Vol,0.043711,Dir,-27.5
Vol,0.039427,Dir,-27.5
Vol,0.039427,Dir,-27.5
Vol,0.054313,Dir,-27.5
Vol,0.054313,Dir,-27.5
Vol,0.054313,Dir,-27.5
Vol,0.031896,Dir,-27.5
Vol,0.031896,Dir,-27.5
Vol,0.047237,Dir,-27.5
Vol,0.047237,Dir,-27.5
Vol,0.047237,Dir,-27.5
Vol,0.037801,Dir,-27.5
Vol,0.037801,Dir,-27.5
Vol,0.055759,Dir,-27.5
Vol,0.055759,Dir,-27.5
Vol,0.055759,Dir,-27.5
Vol,0.04692,Dir,-27.5
Vol,0.049225,Dir,-27.5
Vol,0.053215,Dir,-27.5
Vol,0.053215,Dir,-27.5
Vol,0.053215,Dir,-27.5
Vol,0.0,Dir,-27.5
Vol,0.0,Dir,-27.5
Vol,0.050896,Dir,-27.5
Vol,0.018131,Dir,-27.5
Vol,0.018131,Dir,-27.5
Vol,0.036277,Dir,-27.5
Vol,0.036277,Dir,-27.5
Vol,0.044914,Dir,-27.5
Vol,0.044914,Dir,-27.5
Vol,0.044914,Dir,-27.5
Vol,0.077552,Dir,-27.5
Vol,0.077552,Dir,-27.5
Vol,0.032845,Dir,-27.5
Vol,0.032845,Dir,-27.5
Vol,0.032845,Dir,-27.5
Vol,0.043026,Dir,-27.5
Vol,0.043026,Dir,-27.5
Vol,0.086321,Dir,-27.5
Vol,0.086321,Dir,-27.5
Vol,0.086321,Dir,-27.5
Vol,0.033014,Dir,-27.5
Vol,0.033014,Dir,-27.5
Vol,0.07919,Dir,-27.5
Vol,0.07919,Dir,-27.5
Vol,0.07919,Dir,-27.5
Vol,0.054956,Dir,-27.5
Vol,0.050167,Dir,-27.5
Vol,0.048221,Dir,-27.5
Vol,0.048221,Dir,-27.5
Vol,0.048221,Dir,-27.5
Vol,0.053002,Dir,-27.5
Vol,0.053002,Dir,-27.5
Vol,0.053002,Dir,-27.5
Vol,0.060455,Dir,-27.5
Vol,0.060455,Dir,-27.5
Vol,0.01997,Dir,-27.5
Vol,0.01997,Dir,-27.5
Vol,0.027054,Dir,-27.5
Vol,0.027054,Dir,-27.5
Vol,0.027054,Dir,-27.5
Vol,0.061151,Dir,-27.5
Vol,0.061151,Dir,-27.5
Vol,0.050773,Dir,-27.5
Vol,0.050773,Dir,-27.5
Vol,0.050773,Dir,-27.5
Vol,0.0,Dir,-27.5
Vol,0.0,Dir,-27.5
Vol,0.046995,Dir,-27.5
Vol,0.046995,Dir,-27.5
Vol,0.046995,Dir,-27.5
Vol,0.057264,Dir,-27.5
Vol,0.057264,Dir,-27.5
Vol,0.035537,Dir,-27.5
Vol,0.035537,Dir,-27.5
Vol,0.035537,Dir,-27.5
Vol,0.047371,Dir,-27.5
Vol,0.047371,Dir,-27.5
Vol,0.033372,Dir,-27.5
Vol,0.033372,Dir,-27.5
Vol,0.033372,Dir,-27.5
Vol,0.033372,Dir,-27.5
Vol,0.045013,Dir,-27.5
Vol,0.039526,Dir,-27.5
Vol,0.039526,Dir,-27.5
Vol,0.039526,Dir,-27.5
Vol,0.033025,Dir,-27.5
Vol,0.033025,Dir,-27.5
Vol,0.056341,Dir,-27.5
Vol,0.056341,Dir,-27.5
Vol,0.056341,Dir,-27.5
Vol,0.084718,Dir,-27.5
Vol,0.047563,Dir,-27.5
Vol,0.047563,Dir,-27.5
Vol,0.035647,Dir,-27.5
Vol,0.035647,Dir,-27.5
Vol,0.054366,Dir,-27.5
Vol,0.054366,Dir,-27.5
Vol,0.054366,Dir,-27.5
Vol,0.028327,Dir,-27.5
Vol,0.028327,Dir,-27.5
Vol,0.035113,Dir,-27.5
Vol,0.035113,Dir,-27.5
Vol,0.052896,Dir,-27.5
Vol,0.052896,Dir,-27.5
Vol,0.052896,Dir,-27.5
Vol,0.007443,Dir,-27.5
Vol,0.018826,Dir,-27.5
Vol,0.05076,Dir,-27.5
Vol,0.05076,Dir,-27.5
Vol,0.05076,Dir,-27.5
Vol,0.051358,Dir,-27.5
Vol,0.051358,Dir,-27.5
Vol,0.04617,Dir,-27.5
Vol,0.04617,Dir,-27.5
Vol,0.04617,Dir,-27.5
Vol,0.011396,Dir,-27.5
Vol,0.011396,Dir,-27.5
Vol,0.030819,Dir,-27.5
Vol,0.030819,Dir,-27.5
Vol,0.030819,Dir,-27.5
Vol,0.062925,Dir,-27.5
Vol,0.012233,Dir,-27.5
Vol,0.036727,Dir,-27.5
Vol,0.036727,Dir,-27.5
Vol,0.036727,Dir,-27.5
Vol,0.044758,Dir,-27.5
Vol,0.004091,Dir,-27.5
Vol,0.0,Dir,-27.5
Vol,0.054239,Dir,-27.5
Vol,0.054239,Dir,-27.5
Vol,0.071254,Dir,-27.5
Vol,0.071254,Dir,-27.5
Vol,0.071254,Dir,-27.5
Vol,0.019088,Dir,-27.5
Vol,0.019088,Dir,-27.5
Vol,0.069361,Dir,-27.5
Vol,0.075479,Dir,-27.5
Vol,0.112792,Dir,-27.5
Vol,0.112792,Dir,-27.5
Vol,0.112792,Dir,-27.5
Vol,0.113184,Dir,-27.5
Vol,0.08843,Dir,-27.5
Vol,0.07519,Dir,-27.5
Vol,0.07519,Dir,-27.5
Vol,0.07519,Dir,-27.5
Vol,0.016896,Dir,-27.5
Vol,0.016896,Dir,-27.5
Vol,0.064693,Dir,-27.5
Vol,0.064693,Dir,-27.5
Vol,0.064693,Dir,-27.5
Vol,0.049682,Dir,-27.5
Vol,0.076404,Dir,-27.5
Vol,0.058287,Dir,-27.5
Vol,0.058287,Dir,-27.5
Vol,0.058287,Dir,-27.5
Vol,0.0,Dir,-27.5
Vol,0.050878,Dir,-27.5
Vol,0.050878,Dir,-27.5
Vol,0.060351,Dir,-27.5
Vol,0.060351,Dir,-27.5
Vol,0.077062,Dir,-27.5
Vol,0.077062,Dir,-27.5
Vol,0.044926,Dir,-27.5
Vol,0.044926,Dir,-27.5
Vol,0.044926,Dir,-27.5
Vol,0.021469,Dir,-27.5
Vol,0.047982,Dir,-27.5
Vol,0.006496,Dir,-27.5
Vol,0.006496,Dir,-27.5
Vol,0.006496,Dir,-27.5
Vol,0.04753,Dir,-27.5
Vol,0.04753,Dir,-27.5
Vol,0.056399,Dir,-27.5
Vol,0.056399,Dir,-27.5
Vol,0.056399,Dir,-27.5
Vol,0.023132,Dir,-27.5
Vol,0.023132,Dir,-27.5
Vol,0.043637,Dir,-27.5
Vol,0.043637,Dir,-27.5
Vol,0.043637,Dir,-27.5
Vol,0.020895,Dir,-27.5
Vol,0.04108,Dir,-27.5
Vol,0.028913,Dir,-27.5
Vol,0.028913,Dir,-27.5
Vol,0.028913,Dir,-27.5
Vol,0.0,Dir,-27.5
Vol,0.054381,Dir,-27.5
Vol,0.012895,Dir,-27.5
Vol,0.012895,Dir,-27.5
Vol,0.032484,Dir,-27.5
Vol,0.032484,Dir,-27.5
Vol,0.025376,Dir,-27.5
Vol,0.025376,Dir,-27.5
Vol,0.025376,Dir,-27.5
Vol,0.045666,Dir,-27.5
Vol,0.011365,Dir,-27.5
Vol,0.063443,Dir,-27.5
Vol,0.063443,Dir,-27.5
Vol,0.063443,Dir,-27.5
Vol,0.039648,Dir,-27.5
Vol,0.039648,Dir,-27.5
Vol,0.039648,Dir,-27.5
Vol,0.037262,Dir,-27.5
Vol,0.037262,Dir,-27.5
Vol,0.037262,Dir,-27.5
Vol,0.043487,Dir,-27.5
Vol,0.032716,Dir,-27.5
Vol,0.039968,Dir,-27.5
Vol,0.039968,Dir,-27.5
Vol,0.035483,Dir,-27.5
Vol,0.035483,Dir,-27.5
Vol,0.010013,Dir,-27.5
Vol,0.010013,Dir,-27.5
Vol,0.010013,Dir,-27.5
Vol,0.0572,Dir,-27.5
Vol,0.0572,Dir,-27.5
Vol,0.0572,Dir,-27.5
Vol,0.012334,Dir,-27.5
Vol,0.012334,Dir,-27.5
Vol,0.037772,Dir,-27.5
Vol,0.037772,Dir,-27.5
Vol,0.037295,Dir,-27.5
Vol,0.037295,Dir,-27.5
Vol,0.037295,Dir,-27.5
Vol,0.037295,Dir,-27.5
Vol,0.040168,Dir,-27.5
Vol,0.042261,Dir,-27.5
Vol,0.031898,Dir,-27.5
Vol,0.031898,Dir,-27.5
Vol,0.039032,Dir,-27.5
Vol,0.039032,Dir,-27.5
Vol,0.020435,Dir,-27.5
Vol,0.020435,Dir,-27.5
Vol,0.020435,Dir,-27.5
Vol,0.023614,Dir,-27.5
Vol,0.037527,Dir,-27.5
Vol,0.046291,Dir,-27.5
Vol,0.026351,Dir,-27.5
Vol,0.026351,Dir,-27.5
Vol,0.021152,Dir,-27.5
Vol,0.026273,Dir,-27.5
Vol,0.008661,Dir,-27.5
Vol,0.008661,Dir,-27.5
Vol,0.008661,Dir,-27.5
Vol,0.029403,Dir,-27.5
Vol,0.029403,Dir,-27.5
Vol,0.054561,Dir,-27.5
Vol,0.047677,Dir,-27.5
Vol,0.047677,Dir,-27.5
Vol,0.0485,Dir,-27.5
Vol,0.0485,Dir,-27.5
Vol,0.120752,Dir,-27.5
Vol,0.120752,Dir,-27.5
Vol,0.120752,Dir,-27.5
Vol,0.05791,Dir,-27.5
Vol,0.059009,Dir,-27.5
Vol,0.062901,Dir,-27.5
Vol,0.062901,Dir,-27.5
Vol,0.062901,Dir,-27.5
Vol,0.021178,Dir,-27.5
Vol,0.021178,Dir,-27.5
Vol,0.06741,Dir,-27.5
Vol,0.06741,Dir,-27.5
Vol,0.06741,Dir,-27.5
Vol,0.027298,Dir,-27.5
Vol,0.027298,Dir,-27.5
Vol,0.060008,Dir,-27.5
Vol,0.060008,Dir,-27.5
Vol,0.060008,Dir,-27.5
Vol,0.060135,Dir,-27.5
Vol,0.060135,Dir,-27.5
Vol,0.08556,Dir,-27.5
Vol,0.08556,Dir,-27.5
Vol,0.08556,Dir,-27.5
Vol,0.08556,Dir,-27.5
Vol,0.022396,Dir,-27.5
Vol,0.039047,Dir,-27.5
Vol,0.04428,Dir,-27.5
Vol,0.04428,Dir,-27.5
Vol,0.02847,Dir,-27.5
Vol,0.02847,Dir,-27.5
Vol,0.084957,Dir,-27.5
Vol,0.084957,Dir,-27.5
Vol,0.084957,Dir,-27.5
Vol,0.068004,Dir,-27.5
Vol,0.066472,Dir,-27.5
Vol,0.069467,Dir,-27.5
Vol,0.069467,Dir,-27.5
Vol,0.069467,Dir,-27.5
Vol,0.04137,Dir,-27.5
Vol,0.04137,Dir,-27.5
Vol,0.04137,Dir,-27.5
Vol,0.069969,Dir,-27.5
Vol,0.069969,Dir,-27.5
Vol,0.054983,Dir,-27.5
Vol,0.054983,Dir,-27.5
Vol,0.058476,Dir,-27.5
Vol,0.058476,Dir,-27.5
Vol,0.058476,Dir,-27.5
Vol,0.030123,Dir,-27.5
Vol,0.036012,Dir,-27.5
Vol,0.101059,Dir,-27.5
Vol,0.101059,Dir,-27.5
Vol,0.101059,Dir,-27.5
Vol,0.0212,Dir,-27.5
Vol,0.0212,Dir,-27.5
Vol,0.0212,Dir,-27.5
Vol,0.013156,Dir,-27.5
Vol,0.013156,Dir,-27.5
Vol,0.013156,Dir,-27.5
Vol,0.019713,Dir,-27.5
Vol,0.019713,Dir,-27.5
Vol,0.018395,Dir,-27.5
Vol,0.018395,Dir,-27.5
Vol,0.018395,Dir,-27.5
Vol,0.061367,Dir,-27.5
Vol,0.054213,Dir,-27.5
Vol,0.054213,Dir,-27.5
Vol,0.054213,Dir,-27.5
Vol,0.026924,Dir,-27.5
Vol,0.026924,Dir,-27.5
Vol,0.074977,Dir,-27.5
Vol,0.074977,Dir,-27.5
Vol,0.074977,Dir,-27.5
Vol,0.051621,Dir,-27.5
Vol,0.051621,Dir,-27.5
Vol,0.047425,Dir,-27.5
Vol,0.047425,Dir,-27.5
Vol,0.047425,Dir,-27.5
Vol,0.041395,Dir,-27.5
Vol,0.074848,Dir,-27.5
Vol,0.021714,Dir,-27.5
Vol,0.021714,Dir,-27.5
Vol,0.021714,Dir,-27.5
Vol,0.039914,Dir,-27.5
Vol,0.039914,Dir,-27.5
Vol,0.054727,Dir,-27.5
Vol,0.076083,Dir,-27.5
Vol,0.076083,Dir,-27.5
Vol,0.049467,Dir,-27.5
Vol,0.049467,Dir,-27.5
Vol,0.021093,Dir,-27.5
Vol,0.021093,Dir,-27.5
Vol,0.021093,Dir,-27.5
Vol,0.059202,Dir,-27.5
Vol,0.045882,Dir,-27.5
Vol,0.044351,Dir,-27.5
Vol,0.044351,Dir,-27.5
Vol,0.044351,Dir,-27.5
Vol,0.05494,Dir,-27.5
Vol,0.05494,Dir,-27.5
Vol,0.029373,Dir,-27.5
Vol,0.029373,Dir,-27.5
Vol,0.029373,Dir,-27.5
Vol,0.059036,Dir,-27.5
Vol,0.059036,Dir,-27.5
Vol,0.05107,Dir,-27.5
Vol,0.05107,Dir,-27.5
Vol,0.05107,Dir,-27.5
Vol,0.019324,Dir,-27.5
Vol,0.014597,Dir,-27.5
Vol,0.069926,Dir,-27.5
Vol,0.069926,Dir,-27.5
Vol,0.069926,Dir,-27.5
Vol,0.061062,Dir,-27.5
Vol,0.061062,Dir,-27.5
Vol,0.088359,Dir,-27.5
Vol,0.083976,Dir,-27.5
Vol,0.083976,Dir,-27.5
Vol,0.083976,Dir,-27.5
Vol,0.049369,Dir,-27.5
Vol,0.078761,Dir,-27.5
Vol,0.078761,Dir,-27.5
Vol,0.078761,Dir,-27.5
Vol,0.153389,Dir,-27.5
Vol,0.125826,Dir,-27.5
Vol,0.073035,Dir,-27.5
Vol,0.073035,Dir,-27.5
Vol,0.073035,Dir,-27.5
Vol,0.060662,Dir,-27.5
Vol,0.060662,Dir,-27.5
Vol,0.077805,Dir,-27.5
Vol,0.077805,Dir,-27.5
Vol,0.077805,Dir,-27.5
Vol,0.090563,Dir,-27.5
Vol,0.090563,Dir,-27.5
Vol,0.045638,Dir,-27.5
Vol,0.045638,Dir,-27.5
Vol,0.045638,Dir,-27.5
Vol,0.062442,Dir,-27.5
Vol,0.07432,Dir,-27.5
Vol,0.075505,Dir,-27.5
Vol,0.075505,Dir,-27.5
Vol,0.075505,Dir,-27.5
Vol,0.0,Dir,-27.5
Vol,0.0,Dir,-27.5
Vol,0.0,Dir,-27.5
Vol,0.052649,Dir,-27.5
Vol,0.052649,Dir,-27.5
Vol,0.023482,Dir,-27.5
Vol,0.023482,Dir,-27.5
Vol,0.045168,Dir,-27.5
Vol,0.045168,Dir,-27.5
Vol,0.045168,Dir,-27.5
Vol,0.024733,Dir,-27.5
Vol,0.058367,Dir,-27.5
Vol,0.054098,Dir,-27.5
Vol,0.054098,Dir,-27.5
Vol,0.054098,Dir,-27.5
Vol,0.064882,Dir,-27.5
Vol,0.064882,Dir,-27.5
Vol,0.064882,Dir,-27.5
Vol,0.039849,Dir,-27.5
Vol,0.039849,Dir,-27.5
Vol,0.039849,Dir,-27.5
Vol,0.026623,Dir,-27.5
Vol,0.030935,Dir,-27.5
Vol,0.030935,Dir,-27.5
Vol,0.030935,Dir,-27.5
Vol,0.034425,Dir,-27.5
Vol,0.048572,Dir,-27.5
Vol,0.019616,Dir,-27.5
Vol,0.019616,Dir,-27.5
Vol,0.019616,Dir,-27.5
Vol,0.051174,Dir,-27.5
Vol,0.051174,Dir,-27.5
Vol,0.021609,Dir,-27.5
Vol,0.08778,Dir,-27.5
Vol,0.08778,Dir,-27.5
Vol,0.018593,Dir,-27.5
Vol,0.018593,Dir,-27.5
Vol,0.075507,Dir,-27.5
Vol,0.075507,Dir,-27.5
Vol,0.075507,Dir,-27.5
Vol,0.051404,Dir,-27.5
Vol,0.061526,Dir,-27.5
Vol,0.062161,Dir,-27.5
Vol,0.062161,Dir,-27.5
Vol,0.062161,Dir,-27.5
Vol,0.055442,Dir,-27.5
Vol,0.055442,Dir,-27.5
Vol,0.071728,Dir,-27.5
Vol,0.071728,Dir,-27.5
Vol,0.071728,Dir,-27.5
Vol,0.044535,Dir,-27.5
Vol,0.044535,Dir,-27.5
Vol,0.050632,Dir,-27.5
Vol,0.050632,Dir,-27.5
Vol,0.050632,Dir,-27.5
Vol,0.328109,Dir,-27.5
Vol,0.377072,Dir,-27.5
Vol,0.36095,Dir,-27.5
Vol,0.36095,Dir,-27.5
Vol,0.36095,Dir,-27.5
Vol,0.534214,Dir,-27.5
Vol,0.534214,Dir,-27.5
Vol,0.495907,Dir,-27.5
Vol,0.540768,Dir,-27.5
Vol,0.540768,Dir,-27.5
Vol,0.540768,Dir,-27.5
Vol,0.452909,Dir,-27.5
Vol,0.418019,Dir,-27.5
Vol,0.418019,Dir,-27.5
Vol,0.418019,Dir,-27.5
Vol,0.454124,Dir,-27.5
Vol,0.386925,Dir,-27.5
Vol,0.282433,Dir,-27.5
Vol,0.282433,Dir,-27.5
Vol,0.282433,Dir,-27.5
Vol,0.168298,Dir,-27.5
Vol,0.168298,Dir,-27.5
Vol,0.154173,Dir,-27.5
Vol,0.154173,Dir,-27.5
Vol,0.154173,Dir,-27.5
Vol,0.117051,Dir,-27.5
Vol,0.117051,Dir,-27.5
Vol,0.045109,Dir,-27.5
Vol,0.045109,Dir,-27.5
Vol,0.045109,Dir,-27.5
Vol,0.082575,Dir,-27.5
Vol,0.082575,Dir,-27.5
Vol,0.08254,Dir,-27.5
Vol,0.08254,Dir,-27.5
Vol,0.08254,Dir,-27.5
Vol,0.122659,Dir,-27.5
Vol,0.122659,Dir,-27.5
Vol,0.122659,Dir,-27.5
Vol,0.079137,Dir,-27.5
Vol,0.079137,Dir,-27.5
Vol,0.051389,Dir,-27.5
Vol,0.051389,Dir,-27.5
Vol,0.092586,Dir,-27.5
Vol,0.092586,Dir,-27.5
Vol,0.092586,Dir,-27.5
Vol,0.014219,Dir,-27.5
Vol,0.05732,Dir,-27.5
Vol,0.052956,Dir,-27.5
Vol,0.052956,Dir,-27.5
Vol,0.052956,Dir,-27.5
Vol,0.091604,Dir,-27.5
Vol,0.091604,Dir,-27.5
Vol,0.086927,Dir,-27.5
Vol,0.086927,Dir,-27.5
Vol,0.086927,Dir,-27.5
Vol,0.06264,Dir,-27.5
Vol,0.06264,Dir,-27.5
Vol,0.026344,Dir,-27.5
Vol,0.026344,Dir,-27.5
Vol,0.026344,Dir,-27.5
Vol,0.07172,Dir,-27.5
Vol,0.050749,Dir,-27.5
Vol,0.023903,Dir,-27.5
Vol,0.023903,Dir,-27.5
Vol,0.023903,Dir,-27.5
Vol,0.049148,Dir,-27.5
Vol,0.049148,Dir,-27.5
Vol,0.049148,Dir,-27.5
Vol,0.02611,Dir,-27.5
Vol,0.02611,Dir,-27.5
Vol,0.017348,Dir,-27.5
Vol,0.061123,Dir,-27.5
Vol,0.053962,Dir,-27.5
Vol,0.053962,Dir,-27.5
Vol,0.053962,Dir,-27.5
Vol,0.039458,Dir,-27.5
Vol,0.039458,Dir,-27.5
Vol,0.06655,Dir,-27.5
Vol,0.06655,Dir,-27.5
Vol,0.06655,Dir,-27.5
Vol,0.073373,Dir,-27.5
Vol,0.073373,Dir,-27.5
Vol,0.041987,Dir,-27.5
Vol,0.041987,Dir,-27.5
Vol,0.041987,Dir,-27.5
Vol,0.061415,Dir,-27.5
Vol,0.061415,Dir,-27.5
Vol,0.038466,Dir,-27.5
Vol,0.038466,Dir,-27.5
Vol,0.038466,Dir,-27.5
Vol,0.041258,Dir,-27.5
Vol,0.014132,Dir,-27.5
Vol,0.011456,Dir,-27.5
Vol,0.011456,Dir,-27.5
Vol,0.011456,Dir,-27.5
Vol,0.068237,Dir,-27.5
Vol,0.068237,Dir,-27.5
Vol,0.061117,Dir,-27.5
Vol,0.054528,Dir,-27.5
Vol,0.054528,Dir,-27.5
Vol,0.048577,Dir,-27.5
Vol,0.048577,Dir,-27.5
Vol,0.045458,Dir,-27.5
Vol,0.045458,Dir,-27.5
Vol,0.045458,Dir,-27.5
Vol,0.034224,Dir,-27.5
Vol,0.056259,Dir,-27.5
Vol,0.038254,Dir,-27.5
Vol,0.038254,Dir,-27.5
Vol,0.038254,Dir,-27.5
Vol,0.012351,Dir,-27.5
Vol,0.025389,Dir,-27.5
Vol,0.025389,Dir,-27.5
Vol,0.025389,Dir,-27.5
Vol,0.008866,Dir,-27.5
Vol,0.008866,Dir,-27.5
Vol,0.038179,Dir,-27.5
Vol,0.038179,Dir,-27.5
Vol,0.038179,Dir,-27.5
Vol,0.022812,Dir,-27.5
Vol,0.043955,Dir,-27.5
Vol,0.030435,Dir,-27.5
Vol,0.030435,Dir,-27.5
Vol,0.030435,Dir,-27.5
Vol,0.032816,Dir,-27.5
Vol,0.032816,Dir,-27.5
Vol,0.0,Dir,-27.5
Vol,0.0,Dir,-27.5
Vol,0.0,Dir,-27.5
Vol,0.030743,Dir,-27.5
Vol,0.030743,Dir,-27.5
Vol,0.055587,Dir,-27.5
Vol,0.055587,Dir,-27.5
Vol,0.055587,Dir,-27.5
Vol,0.022958,Dir,-27.5
Vol,0.083385,Dir,-27.5
Vol,0.083385,Dir,-27.5
Vol,0.09976,Dir,-27.5
Vol,0.09976,Dir,-27.5
Vol,0.035834,Dir,-27.5
Vol,0.035834,Dir,-27.5
Vol,0.072335,Dir,-27.5
Vol,0.072335,Dir,-27.5
Vol,0.072335,Dir,-27.5
Vol,0.039892,Dir,-27.5
Vol,0.039892,Dir,-27.5
Vol,0.037164,Dir,-27.5
Vol,0.037164,Dir,-27.5
Vol,0.037164,Dir,-27.5
Vol,0.064252,Dir,-27.5
Vol,0.085293,Dir,-27.5
Vol,0.063933,Dir,-27.5
Vol,0.063933,Dir,-27.5
Vol,0.063933,Dir,-27.5
Vol,0.059912,Dir,-27.5
Vol,0.059912,Dir,-27.5
Vol,0.089857,Dir,-27.5
Vol,0.089857,Dir,-27.5
Vol,0.089857,Dir,-27.5
Vol,0.024413,Dir,-27.5
Vol,0.024413,Dir,-27.5
Vol,0.024413,Dir,-27.5
Vol,0.048096,Dir,-27.5
Vol,0.048096,Dir,-27.5
Vol,0.040211,Dir,-27.5
Vol,0.052839,Dir,-27.5
Vol,0.057456,Dir,-27.5
Vol,0.057456,Dir,-27.5
Vol,0.057456,Dir,-27.5
Vol,0.0,Dir,-27.5
Vol,0.0,Dir,-27.5
Vol,0.039141,Dir,-27.5
Vol,0.039141,Dir,-27.5
Vol,0.039141,Dir,-27.5
Vol,0.021226,Dir,-27.5
Vol,0.021226,Dir,-27.5
Vol,0.023306,Dir,-27.5
Vol,0.023306,Dir,-27.5
Vol,0.023306,Dir,-27.5
Vol,0.074609,Dir,-27.5
Vol,0.062963,Dir,-27.5
Vol,0.052492,Dir,-27.5
Vol,0.052492,Dir,-27.5
Vol,0.052492,Dir,-27.5
Vol,0.028721,Dir,-27.5
Vol,0.028721,Dir,-27.5
Vol,0.059659,Dir,-27.5
Vol,0.052945,Dir,-27.5
Vol,0.052945,Dir,-27.5
Vol,0.032227,Dir,-27.5
Vol,0.032227,Dir,-27.5
Vol,0.028517,Dir,-27.5
Vol,0.028517,Dir,-27.5
Vol,0.028517,Dir,-27.5
Vol,0.053127,Dir,-27.5
Vol,0.05669,Dir,-27.5
Vol,0.07905,Dir,-27.5
Vol,0.07905,Dir,-27.5
Vol,0.07905,Dir,-27.5
Vol,0.019593,Dir,-27.5
Vol,0.019593,Dir,-27.5
Vol,0.041688,Dir,-27.5
Vol,0.041688,Dir,-27.5
Vol,0.041688,Dir,-27.5
Vol,0.041814,Dir,-27.5
Vol,0.041814,Dir,-27.5
Vol,0.013874,Dir,-27.5
Vol,0.013874,Dir,-27.5
Vol,0.013874,Dir,-27.5
Vol,0.026752,Dir,-27.5
Vol,0.085294,Dir,-27.5
Vol,0.000935,Dir,-27.5
Vol,0.000935,Dir,-27.5
Vol,0.000935,Dir,-27.5
Vol,0.037075,Dir,-27.5
Vol,0.037075,Dir,-27.5
Vol,0.123208,Dir,-27.5
Vol,0.123208,Dir,-27.5
Vol,0.123208,Dir,-27.5
Vol,0.158361,Dir,-27.5
Vol,0.160473,Dir,-27.5
Vol,0.160473,Dir,-27.5
Vol,0.160473,Dir,-27.5
Vol,0.080484,Dir,-27.5
Vol,0.084936,Dir,-27.5
Vol,0.024159,Dir,-27.5
Vol,0.024159,Dir,-27.5
Vol,0.024159,Dir,-27.5
Vol,0.043244,Dir,-27.5
Vol,0.043244,Dir,-27.5
Vol,0.036825,Dir,-27.5
Vol,0.036825,Dir,-27.5
Vol,0.036825,Dir,-27.5
Vol,0.019322,Dir,-27.5
Vol,0.019322,Dir,-27.5
Vol,0.018017,Dir,-27.5
Vol,0.018017,Dir,-27.5
Vol,0.018017,Dir,-27.5
Vol,0.012513,Dir,-27.5
Vol,0.017685,Dir,-27.5
Vol,0.041955,Dir,-27.5
Vol,0.041955,Dir,-27.5
Vol,0.041955,Dir,-27.5
Vol,0.011861,Dir,-27.5
Vol,0.011861,Dir,-27.5
Vol,0.011861,Dir,-27.5
Vol,0.044232,Dir,-27.5
Vol,0.044232,Dir,-27.5
Vol,0.044232,Dir,-27.5
Vol,0.050447,Dir,-27.5
Vol,0.0,Dir,-27.5
Vol,0.0,Dir,-27.5
Vol,0.0,Dir,-27.5
Vol,0.0,Dir,-27.5
Vol,0.041831,Dir,-27.5
Vol,0.028162,Dir,-27.5
Vol,0.028162,Dir,-27.5
Vol,0.028162,Dir,-27.5
Vol,0.071808,Dir,-27.5
Vol,0.071808,Dir,-27.5
Vol,0.038042,Dir,-27.5
Vol,0.038042,Dir,-27.5
Vol,0.038042,Dir,-27.5
Vol,0.031129,Dir,-27.5
Vol,0.031129,Dir,-27.5
Vol,0.016209,Dir,-27.5
Vol,0.016209,Dir,-27.5
Vol,0.016209,Dir,-27.5
Vol,0.035999,Dir,-27.5
Vol,0.020214,Dir,-27.5
Vol,0.028581,Dir,-27.5
Vol,0.028581,Dir,-27.5
Vol,0.028581,Dir,-27.5
Vol,0.035323,Dir,-27.5
Vol,0.035323,Dir,-27.5
Vol,0.038836,Dir,-27.5
Vol,0.038836,Dir,-27.5
Vol,0.038836,Dir,-27.5
Vol,0.066121,Dir,-27.5
Vol,0.056536,Dir,-27.5
Vol,0.056536,Dir,-27.5
Vol,0.065915,Dir,-27.5
Vol,0.065915,Dir,-27.5
Vol,0.059899,Dir,-27.5
Vol,0.04165,Dir,-27.5
Vol,0.03134,Dir,-27.5
Vol,0.03134,Dir,-27.5
Vol,0.03134,Dir,-27.5
Vol,0.040799,Dir,-27.5
Vol,0.040799,Dir,-27.5
Vol,0.029151,Dir,-27.5
Vol,0.029953,Dir,-27.5
Vol,0.029953,Dir,-27.5
Vol,0.029953,Dir,-27.5
Vol,0.03729,Dir,-27.5
Vol,0.047241,Dir,-27.5
Vol,0.047241,Dir,-27.5
Vol,0.047241,Dir,-27.5
Vol,0.070156,Dir,-27.5
Vol,0.095895,Dir,-27.5
Vol,0.104101,Dir,-27.5
Vol,0.104101,Dir,-27.5
Vol,0.104101,Dir,-27.5
Vol,0.104849,Dir,-27.5
Vol,0.104849,Dir,-27.5
Vol,0.073904,Dir,-27.5
Vol,0.053676,Dir,-27.5
Vol,0.053676,Dir,-27.5
Vol,0.084923,Dir,-27.5
Vol,0.084923,Dir,-27.5
Vol,0.084923,Dir,-27.5
Vol,0.0,Dir,-27.5
Vol,0.0,Dir,-27.5
Vol,0.0,Dir,-27.5
Vol,0.12961,Dir,-27.5
Vol,0.094156,Dir,-27.5
Vol,0.078654,Dir,-27.5
Vol,0.078654,Dir,-27.5
Vol,0.055017,Dir,-27.5
Vol,0.055017,Dir,-27.5
Vol,0.05622,Dir,-27.5
Vol,0.044732,Dir,-27.5
Vol,0.044732,Dir,-27.5
Vol,0.048263,Dir,-27.5
Vol,0.048263,Dir,-27.5
Vol,0.05674,Dir,-27.5
Vol,0.05674,Dir,-27.5
Vol,0.05674,Dir,-27.5
Vol,0.043774,Dir,-27.5
Vol,0.063604,Dir,-27.5
Vol,0.069852,Dir,-27.5
Vol,0.069852,Dir,-27.5
Vol,0.069852,Dir,-27.5
Vol,0.020439,Dir,-27.5
Vol,0.024211,Dir,-27.5
Vol,0.024211,Dir,-27.5
Vol,0.02096,Dir,-27.5
Vol,0.02096,Dir,-27.5
Vol,0.049483,Dir,-27.5
Vol,0.049483,Dir,-27.5
Vol,0.000243,Dir,-27.5
Vol,0.000243,Dir,-27.5
Vol,0.000243,Dir,-27.5
Vol,0.038461,Dir,-27.5
Vol,0.045305,Dir,-27.5
Vol,0.010689,Dir,-27.5
Vol,0.010689,Dir,-27.5
Vol,0.010689,Dir,-27.5
Vol,0.068552,Dir,-27.5
Vol,0.068552,Dir,-27.5
Vol,0.063122,Dir,-27.5
Vol,0.063122,Dir,-27.5
Vol,0.063122,Dir,-27.5
Vol,0.051349,Dir,-27.5
Vol,0.051349,Dir,-27.5
Vol,0.00333,Dir,-27.5
Vol,0.055678,Dir,-27.5
Vol,0.055678,Dir,-27.5
Vol,0.039323,Dir,-27.5
Vol,0.049915,Dir,-27.5
Vol,0.0,Dir,-27.5
Vol,0.0,Dir,-27.5
Vol,0.0,Dir,-27.5
Vol,0.0,Dir,-27.5
Vol,0.0,Dir,-27.5
Vol,0.0,Dir,-27.5
Vol,0.04582,Dir,-27.5
Vol,0.04582,Dir,-27.5
Vol,0.038864,Dir,-27.5
Vol,0.038864,Dir,-27.5
Vol,0.038864,Dir,-27.5
Vol,0.049639,Dir,-27.5
Vol,0.049639,Dir,-27.5
Vol,0.052678,Dir,-27.5
Vol,0.120797,Dir,-27.5
Vol,0.0692,Dir,-27.5
Vol,0.0692,Dir,-27.5
Vol,0.0692,Dir,-27.5
Vol,0.051502,Dir,-27.5
Vol,0.051502,Dir,-27.5
Vol,0.000492,Dir,-27.5
Vol,0.000492,Dir,-27.5
Vol,0.000492,Dir,-27.5
Vol,0.044903,Dir,-27.5
Vol,0.044903,Dir,-27.5
Vol,0.041231,Dir,-27.5
Vol,0.041231,Dir,-27.5
Vol,0.041231,Dir,-27.5
Vol,0.027395,Dir,-27.5
Vol,0.026978,Dir,-27.5
Vol,0.011957,Dir,-27.5
Vol,0.011957,Dir,-27.5
Vol,0.011957,Dir,-27.5
Vol,0.045737,Dir,-27.5
Vol,0.045737,Dir,-27.5
Vol,0.036826,Dir,-27.5
Vol,0.045547,Dir,-27.5
Vol,0.045547,Dir,-27.5
Vol,0.053502,Dir,-27.5
Vol,0.053502,Dir,-27.5
Vol,0.023838,Dir,-27.5
Vol,0.023838,Dir,-27.5
Vol,0.023838,Dir,-27.5
Vol,0.079347,Dir,-27.5
Vol,0.044105,Dir,-27.5
Vol,0.056461,Dir,-27.5
Vol,0.056461,Dir,-27.5
Vol,0.056461,Dir,-27.5
Vol,0.070231,Dir,-27.5
Vol,0.070231,Dir,-27.5
Vol,0.054855,Dir,-27.5
Vol,0.054855,Dir,-27.5
Vol,0.054855,Dir,-27.5
Vol,0.059385,Dir,-27.5
Vol,0.076246,Dir,-27.5
Vol,0.068707,Dir,-27.5
Vol,0.068707,Dir,-27.5
Vol,0.068707,Dir,-27.5
Vol,0.035604,Dir,-27.5
Vol,0.05078,Dir,-27.5
Vol,0.003822,Dir,-27.5
Vol,0.003822,Dir,-27.5
Vol,0.003822,Dir,-27.5
Vol,0.08134,Dir,-27.5
Vol,0.08134,Dir,-27.5
Vol,0.02513,Dir,-27.5
Vol,0.02965,Dir,-27.5
Vol,0.02965,Dir,-27.5
Vol,0.042564,Dir,-27.5
Vol,0.042564,Dir,-27.5
Vol,0.042564,Dir,-27.5
Vol,0.00755,Dir,-27.5
Vol,0.00755,Dir,-27.5
Vol,0.020649,Dir,-27.5
Vol,0.033463,Dir,-27.5
Vol,0.060888,Dir,-27.5
Vol,0.060888,Dir,-27.5
Vol,0.060888,Dir,-27.5
Vol,0.055858,Dir,-27.5
